city_id,city_name,house_number,street_normalized,full_address,lat,lon,osm_id
1,Brawley,1115,IMPERIAL AVE,"1115 IMPERIAL AVE, Brawley, CA, USA",32.96423510540033,-115.54827578832798,node/400015
1,Brawley,1270,IMPERIAL AVE,"1270 IMPERIAL AVE, Brawley, CA, USA",32.98006762997156,-115.51641310538426,node/400023
1,Brawley,1318,IMPERIAL AVE,"1318 IMPERIAL AVE, Brawley, CA, USA",32.97674176531821,-115.52275545713309,node/400009
1,Brawley,1407,MAIN ST,"1407 MAIN ST, Brawley, CA, USA",32.96826951443746,-115.54539912363664,node/400014
1,Brawley,1443,PLAZA AVE,"1443 PLAZA AVE, Brawley, CA, USA",32.9958547494212,-115.53755879872962,node/400033
1,Brawley,1584,PLAZA AVE,"1584 PLAZA AVE, Brawley, CA, USA",32.980728917064845,-115.54735873001027,node/400026
1,Brawley,1598,IMPERIAL AVE,"1598 IMPERIAL AVE, Brawley, CA, USA",32.96040969578045,-115.54825369250467,node/400025
1,Brawley,1791,PLAZA AVE,"1791 PLAZA AVE, Brawley, CA, USA",32.98622001043674,-115.53388490362708,node/400042
1,Brawley,1806,MAIN ST,"1806 MAIN ST, Brawley, CA, USA",32.98194808567395,-115.5184298074428,node/400037
1,Brawley,1900,PLAZA AVE,"1900 PLAZA AVE, Brawley, CA, USA",32.97522486984857,-115.531722313689,node/400010
1,Brawley,2045,WESTERN AVE,"2045 WESTERN AVE, Brawley, CA, USA",32.99122995332975,-115.53556568760536,node/400036
1,Brawley,2078,WESTERN AVE,"2078 WESTERN AVE, Brawley, CA, USA",32.96839511642596,-115.51800602742284,node/400008
1,Brawley,2127,WESTERN AVE,"2127 WESTERN AVE, Brawley, CA, USA",32.98250075084041,-115.51658601412348,node/400022
1,Brawley,2139,MAIN ST,"2139 MAIN ST, Brawley, CA, USA",32.99415987525796,-115.5284769006581,node/400007
1,Brawley,2142,IMPERIAL AVE,"2142 IMPERIAL AVE, Brawley, CA, USA",32.993763026544016,-115.5304051890781,node/400019
1,Brawley,2158,MAIN ST,"2158 MAIN ST, Brawley, CA, USA",32.98423949709196,-115.52662766218734,node/400002
1,Brawley,2177,WESTERN AVE,"2177 WESTERN AVE, Brawley, CA, USA",32.991731575438294,-115.52900640680495,node/400035
1,Brawley,2224,PLAZA AVE,"2224 PLAZA AVE, Brawley, CA, USA",32.96689366819885,-115.53729801862296,node/400044
1,Brawley,2227,IMPERIAL AVE,"2227 IMPERIAL AVE, Brawley, CA, USA",32.976879542371314,-115.52604957910384,node/400032
1,Brawley,2384,WESTERN AVE,"2384 WESTERN AVE, Brawley, CA, USA",32.99615794267822,-115.52010139310828,node/400029
1,Brawley,2544,MAIN ST,"2544 MAIN ST, Brawley, CA, USA",32.9775836085634,-115.51161717215312,node/400038
1,Brawley,2567,PLAZA AVE,"2567 PLAZA AVE, Brawley, CA, USA",32.97896490064901,-115.53029688385718,node/400030
1,Brawley,2584,WESTERN AVE,"2584 WESTERN AVE, Brawley, CA, USA",32.9643467476465,-115.5158405969267,node/400011
1,Brawley,259,MAIN ST,"259 MAIN ST, Brawley, CA, USA",32.9640814549427,-115.53697837178588,node/400031
1,Brawley,2625,IMPERIAL AVE,"2625 IMPERIAL AVE, Brawley, CA, USA",32.98817277442294,-115.53833062629886,node/400034
1,Brawley,2767,WESTERN AVE,"2767 WESTERN AVE, Brawley, CA, USA",32.96703233518808,-115.52741451190217,node/400006
1,Brawley,3054,PLAZA AVE,"3054 PLAZA AVE, Brawley, CA, USA",32.960654206604815,-115.53108204865144,node/400039
1,Brawley,3107,WESTERN AVE,"3107 WESTERN AVE, Brawley, CA, USA",32.99812093477868,-115.53648517757196,node/400012
1,Brawley,3230,IMPERIAL AVE,"3230 IMPERIAL AVE, Brawley, CA, USA",32.9805942835807,-115.51728754728164,node/400027
1,Brawley,3432,PLAZA AVE,"3432 PLAZA AVE, Brawley, CA, USA",32.971697432832045,-115.52719251848426,node/400017
1,Brawley,3551,WESTERN AVE,"3551 WESTERN AVE, Brawley, CA, USA",32.99555718901265,-115.54865222785912,node/400004
1,Brawley,3564,WESTERN AVE,"3564 WESTERN AVE, Brawley, CA, USA",32.96175439619142,-115.54244792322068,node/400000
1,Brawley,3639,IMPERIAL AVE,"3639 IMPERIAL AVE, Brawley, CA, USA",32.98321509776656,-115.54036918878477,node/400016
1,Brawley,3675,IMPERIAL AVE,"3675 IMPERIAL AVE, Brawley, CA, USA",32.99253507979388,-115.52120391604235,node/400043
1,Brawley,3971,MAIN ST,"3971 MAIN ST, Brawley, CA, USA",32.97432968736453,-115.5320107743124,node/400020
1,Brawley,432,MAIN ST,"432 MAIN ST, Brawley, CA, USA",32.96041847213166,-115.52464185064704,node/400005
1,Brawley,612,WESTERN AVE,"612 WESTERN AVE, Brawley, CA, USA",32.98360089445794,-115.52572286886767,node/400001
1,Brawley,627,MAIN ST,"627 MAIN ST, Brawley, CA, USA",32.997603312616555,-115.53454385149084,node/400028
1,Brawley,635,IMPERIAL AVE,"635 IMPERIAL AVE, Brawley, CA, USA",32.989026599791806,-115.52970079463672,node/400013
1,Brawley,648,IMPERIAL AVE,"648 IMPERIAL AVE, Brawley, CA, USA",32.99389822923674,-115.52119967746562,node/400024
1,Brawley,705,IMPERIAL AVE,"705 IMPERIAL AVE, Brawley, CA, USA",32.99146645164512,-115.54061213759437,node/400040
1,Brawley,801,PLAZA AVE,"801 PLAZA AVE, Brawley, CA, USA",32.98494931493535,-115.5214746892625,node/400003
1,Brawley,877,WESTERN AVE,"877 WESTERN AVE, Brawley, CA, USA",32.98912485500554,-115.5303693783176,node/400018
1,Brawley,881,MAIN ST,"881 MAIN ST, Brawley, CA, USA",32.959357494700264,-115.53775230066216,node/400041
1,Brawley,981,PLAZA AVE,"981 PLAZA AVE, Brawley, CA, USA",32.98193376447943,-115.54835367468282,node/400021
2,Calexico,1029,HEBER AVE,"1029 HEBER AVE, Calexico, CA, USA",32.65045480045185,-115.51773711703164,node/300046
2,Calexico,1121,CEDAR ST,"1121 CEDAR ST, Calexico, CA, USA",32.66600378084356,-115.4831129901825,node/300001
2,Calexico,1204,HEBER AVE,"1204 HEBER AVE, Calexico, CA, USA",32.65268603222193,-115.4823285760178,node/300025
2,Calexico,1356,CEDAR ST,"1356 CEDAR ST, Calexico, CA, USA",32.689643723414804,-115.47197058824408,node/300043
2,Calexico,1410,CEDAR ST,"1410 CEDAR ST, Calexico, CA, USA",32.706067363776775,-115.52033323189823,node/300040
2,Calexico,1514,BIRCH ST,"1514 BIRCH ST, Calexico, CA, USA",32.70282074184717,-115.50219332843544,node/300050
2,Calexico,1526,HEBER AVE,"1526 HEBER AVE, Calexico, CA, USA",32.6965217830307,-115.49837465528957,node/300053
2,Calexico,1739,BIRCH ST,"1739 BIRCH ST, Calexico, CA, USA",32.656258245314234,-115.47773042257694,node/300049
2,Calexico,1947,ROCKWOOD AVE,"1947 ROCKWOOD AVE, Calexico, CA, USA",32.66966138494051,-115.47244575670412,node/300064
2,Calexico,2081,CEDAR ST,"2081 CEDAR ST, Calexico, CA, USA",32.69201265966754,-115.51142368073349,node/300015
2,Calexico,2284,CEDAR ST,"2284 CEDAR ST, Calexico, CA, USA",32.696968885244104,-115.48527512053944,node/300033
2,Calexico,2338,ROCKWOOD AVE,"2338 ROCKWOOD AVE, Calexico, CA, USA",32.656368500494665,-115.50681884954112,node/300030
2,Calexico,2443,HEBER AVE,"2443 HEBER AVE, Calexico, CA, USA",32.67031845056212,-115.4820495059813,node/300029
2,Calexico,2567,HEBER AVE,"2567 HEBER AVE, Calexico, CA, USA",32.65621090070952,-115.51459362979242,node/300012
2,Calexico,2610,ROCKWOOD AVE,"2610 ROCKWOOD AVE, Calexico, CA, USA",32.67565494578598,-115.48584022532133,node/300036
2,Calexico,266,CEDAR ST,"266 CEDAR ST, Calexico, CA, USA",32.6723272239536,-115.5006918953105,node/300019
2,Calexico,2924,IMPERIAL AVE,"2924 IMPERIAL AVE, Calexico, CA, USA",32.66336755546314,-115.48947373599935,node/300021
2,Calexico,2963,BIRCH ST,"2963 BIRCH ST, Calexico, CA, USA",32.70472831562758,-115.50400618565088,node/300004
2,Calexico,2990,IMPERIAL AVE,"2990 IMPERIAL AVE, Calexico, CA, USA",32.66333385432839,-115.5039059442875,node/300016
2,Calexico,3106,CEDAR ST,"3106 CEDAR ST, Calexico, CA, USA",32.67278204275715,-115.48992635579764,node/300045
2,Calexico,3140,BIRCH ST,"3140 BIRCH ST, Calexico, CA, USA",32.68217244472547,-115.5227446160951,node/300000
2,Calexico,315,BIRCH ST,"315 BIRCH ST, Calexico, CA, USA",32.67055379146666,-115.49456335557302,node/300055
2,Calexico,3171,IMPERIAL AVE,"3171 IMPERIAL AVE, Calexico, CA, USA",32.66237232551642,-115.50977890747302,node/300006
2,Calexico,3270,CEDAR ST,"3270 CEDAR ST, Calexico, CA, USA",32.70371255034879,-115.52183434027056,node/300047
2,Calexico,3627,IMPERIAL AVE,"3627 IMPERIAL AVE, Calexico, CA, USA",32.68504719792981,-115.4795595232276,node/300034
2,Calexico,3644,HEBER AVE,"3644 HEBER AVE, Calexico, CA, USA",32.67907182718696,-115.47680730235484,node/300062
2,Calexico,3689,CEDAR ST,"3689 CEDAR ST, Calexico, CA, USA",32.65098793794791,-115.52486599821628,node/300041
2,Calexico,3702,BIRCH ST,"3702 BIRCH ST, Calexico, CA, USA",32.702578249697304,-115.50570131390435,node/300031
2,Calexico,3736,HEBER AVE,"3736 HEBER AVE, Calexico, CA, USA",32.66999281902632,-115.526358690229,node/300037
2,Calexico,3736,ROCKWOOD AVE,"3736 ROCKWOOD AVE, Calexico, CA, USA",32.69468506830791,-115.49446469329996,node/300044
2,Calexico,3755,ROCKWOOD AVE,"3755 ROCKWOOD AVE, Calexico, CA, USA",32.66177422552542,-115.49218736903418,node/300048
2,Calexico,3774,BIRCH ST,"3774 BIRCH ST, Calexico, CA, USA",32.68582089542981,-115.4745485506538,node/300009
2,Calexico,3780,ROCKWOOD AVE,"3780 ROCKWOOD AVE, Calexico, CA, USA",32.70321837253869,-115.52005908064052,node/300002
2,Calexico,3786,IMPERIAL AVE,"3786 IMPERIAL AVE, Calexico, CA, USA",32.676849991977264,-115.49785839929082,node/300060
2,Calexico,3844,CEDAR ST,"3844 CEDAR ST, Calexico, CA, USA",32.65266842906066,-115.47869873676368,node/300013
2,Calexico,3906,HEBER AVE,"3906 HEBER AVE, Calexico, CA, USA",32.70774915114733,-115.50018812970292,node/300024
2,Calexico,3970,ROCKWOOD AVE,"3970 ROCKWOOD AVE, Calexico, CA, USA",32.69066431931456,-115.52057243849092,node/300008
2,Calexico,402,BIRCH ST,"402 BIRCH ST, Calexico, CA, USA",32.6665065542705,-115.52627162346046,node/300026
2,Calexico,4164,HEBER AVE,"4164 HEBER AVE, Calexico, CA, USA",32.690424109466754,-115.50685918438242,node/300032
2,Calexico,4212,BIRCH ST,"4212 BIRCH ST, Calexico, CA, USA",32.67133768926074,-115.50573003291731,node/300005
2,Calexico,4344,IMPERIAL AVE,"4344 IMPERIAL AVE, Calexico, CA, USA",32.65808092800861,-115.5190205752066,node/300063
2,Calexico,4388,IMPERIAL AVE,"4388 IMPERIAL AVE, Calexico, CA, USA",32.707379269457135,-115.52483924062548,node/300017
2,Calexico,4406,BIRCH ST,"4406 BIRCH ST, Calexico, CA, USA",32.67354770723991,-115.50433398835212,node/300058
2,Calexico,4423,CEDAR ST,"4423 CEDAR ST, Calexico, CA, USA",32.67429528553688,-115.48232964204188,node/300011
2,Calexico,443,HEBER AVE,"443 HEBER AVE, Calexico, CA, USA",32.66783574920298,-115.5102954470238,node/300027
2,Calexico,4541,CEDAR ST,"4541 CEDAR ST, Calexico, CA, USA",32.666321736966665,-115.5109025993058,node/300052
2,Calexico,4616,HEBER AVE,"4616 HEBER AVE, Calexico, CA, USA",32.687287635762,-115.51798221180688,node/300061
2,Calexico,4619,BIRCH ST,"4619 BIRCH ST, Calexico, CA, USA",32.656686273782825,-115.47584521318991,node/300056
2,Calexico,704,CEDAR ST,"704 CEDAR ST, Calexico, CA, USA",32.65641960693555,-115.50987833977236,node/300059
2,Calexico,851,BIRCH ST,"851 BIRCH ST, Calexico, CA, USA",32.705684795780705,-115.5155777195856,node/300003
3,El Centro,1032,COMMERCIAL AVE,"1032 COMMERCIAL AVE, El Centro, CA, USA",32.77951728554809,-115.60191102277992,node/200042
3,El Centro,1043,BROADWAY,"1043 BROADWAY, El Centro, CA, USA",32.785503230706496,-115.51638003089668,node/200049
3,El Centro,1245,MAIN ST,"1245 MAIN ST, El Centro, CA, USA",32.74953468110134,-115.60927878717752,node/200006
3,El Centro,1365,COMMERCIAL AVE,"1365 COMMERCIAL AVE, El Centro, CA, USA",32.83354137838996,-115.54750781025064,node/200008
3,El Centro,1369,IMPERIAL AVE,"1369 IMPERIAL AVE, El Centro, CA, USA",32.75271650843009,-115.52855716113142,node/200072
3,El Centro,1374,MAIN ST,"1374 MAIN ST, El Centro, CA, USA",32.76074098971072,-115.5512161818074,node/200040
3,El Centro,1862,COMMERCIAL AVE,"1862 COMMERCIAL AVE, El Centro, CA, USA",32.78261944057035,-115.5676354209327,node/200038
3,El Centro,2023,MAIN ST,"2023 MAIN ST, El Centro, CA, USA",32.83372593085285,-115.59943359512936,node/200007
3,El Centro,221,IMPERIAL AVE,"221 IMPERIAL AVE, El Centro, CA, USA",32.780824227921656,-115.53415684655464,node/200017
3,El Centro,2408,STATE ST,"2408 STATE ST, El Centro, CA, USA",32.822812403725,-115.56270933085123,node/200078
3,El Centro,2800,MAIN ST,"2800 MAIN ST, El Centro, CA, USA",32.75445059475151,-115.545162065516,node/200066
3,El Centro,2871,STATE ST,"2871 STATE ST, El Centro, CA, USA",32.81288977205596,-115.6077634482464,node/200065
3,El Centro,2883,BROADWAY,"2883 BROADWAY, El Centro, CA, USA",32.7801023420737,-115.59485944417877,node/200036
3,El Centro,3096,COMMERCIAL AVE,"3096 COMMERCIAL AVE, El Centro, CA, USA",32.75403028755686,-115.57354254396714,node/200001
3,El Centro,3186,COMMERCIAL AVE,"3186 COMMERCIAL AVE, El Centro, CA, USA",32.76042527613211,-115.59491540328314,node/200074
3,El Centro,3214,IMPERIAL AVE,"3214 IMPERIAL AVE, El Centro, CA, USA",32.79825823478674,-115.58998892839232,node/200046
3,El Centro,3352,MAIN ST,"3352 MAIN ST, El Centro, CA, USA",32.83117643620226,-115.60876977384372,node/200047
3,El Centro,3361,MAIN ST,"3361 MAIN ST, El Centro, CA, USA",32.77258814408616,-115.51617931240636,node/200011
3,El Centro,3702,IMPERIAL AVE,"3702 IMPERIAL AVE, El Centro, CA, USA",32.751828625849576,-115.56877919361638,node/200057
3,El Centro,3772,STATE ST,"3772 STATE ST, El Centro, CA, USA",32.822801703931425,-115.56167620423908,node/200019
3,El Centro,3790,MAIN ST,"3790 MAIN ST, El Centro, CA, USA",32.75535018772704,-115.52308731660445,node/200062
3,El Centro,3799,STATE ST,"3799 STATE ST, El Centro, CA, USA",32.83380910219885,-115.57161864288231,node/200026
3,El Centro,3825,MAIN ST,"3825 MAIN ST, El Centro, CA, USA",32.781858565861604,-115.53809883964632,node/200002
3,El Centro,3869,COMMERCIAL AVE,"3869 COMMERCIAL AVE, El Centro, CA, USA",32.828202591307175,-115.52102302482588,node/200050
3,El Centro,3942,BROADWAY,"3942 BROADWAY, El Centro, CA, USA",32.835397433813746,-115.59359838237776,node/200077
3,El Centro,4382,COMMERCIAL AVE,"4382 COMMERCIAL AVE, El Centro, CA, USA",32.80598054063227,-115.57661020403144,node/200064
3,El Centro,4413,COMMERCIAL AVE,"4413 COMMERCIAL AVE, El Centro, CA, USA",32.74877474923576,-115.57932356280358,node/200073
3,El Centro,4525,IMPERIAL AVE,"4525 IMPERIAL AVE, El Centro, CA, USA",32.77006541967281,-115.59555028790986,node/200016
3,El Centro,457,STATE ST,"457 STATE ST, El Centro, CA, USA",32.78608586114966,-115.54536370778116,node/200075
3,El Centro,4678,BROADWAY,"4678 BROADWAY, El Centro, CA, USA",32.78266793060563,-115.53383380421364,node/200069
3,El Centro,4783,STATE ST,"4783 STATE ST, El Centro, CA, USA",32.81018374546486,-115.58084732371196,node/200061
3,El Centro,4904,MAIN ST,"4904 MAIN ST, El Centro, CA, USA",32.84066246238469,-115.55683166184303,node/200030
3,El Centro,4966,COMMERCIAL AVE,"4966 COMMERCIAL AVE, El Centro, CA, USA",32.7957067817334,-115.56672883410728,node/200060
3,El Centro,4993,STATE ST,"4993 STATE ST, El Centro, CA, USA",32.79805568374314,-115.56762845824244,node/200024
3,El Centro,5053,IMPERIAL AVE,"5053 IMPERIAL AVE, El Centro, CA, USA",32.758839853460344,-115.5879996788411,node/200079
3,El Centro,5305,MAIN ST,"5305 MAIN ST, El Centro, CA, USA",32.827385535139044,-115.5220612361572,node/200005
3,El Centro,5330,STATE ST,"5330 STATE ST, El Centro, CA, USA",32.83902918917796,-115.60216538978008,node/200003
3,El Centro,5370,STATE ST,"5370 STATE ST, El Centro, CA, USA",32.8414026183122,-115.60691745925055,node/200021
3,El Centro,5393,COMMERCIAL AVE,"5393 COMMERCIAL AVE, El Centro, CA, USA",32.76225589114364,-115.58822562764016,node/200063
3,El Centro,5488,COMMERCIAL AVE,"5488 COMMERCIAL AVE, El Centro, CA, USA",32.82794607899597,-115.5862552274846,node/200035
3,El Centro,5522,STATE ST,"5522 STATE ST, El Centro, CA, USA",32.7874014773113,-115.5522923992559,node/200041
3,El Centro,5529,MAIN ST,"5529 MAIN ST, El Centro, CA, USA",32.76621058154233,-115.54905070814704,node/200012
3,El Centro,5565,COMMERCIAL AVE,"5565 COMMERCIAL AVE, El Centro, CA, USA",32.77584193918513,-115.59094815644976,node/200043
3,El Centro,560,COMMERCIAL AVE,"560 COMMERCIAL AVE, El Centro, CA, USA",32.78019422226201,-115.60558093438269,node/200058
3,El Centro,5720,STATE ST,"5720 STATE ST, El Centro, CA, USA",32.75579618296793,-115.5417598685103,node/200022
3,El Centro,716,STATE ST,"716 STATE ST, El Centro, CA, USA",32.75907570150059,-115.51634997905371,node/200000
3,El Centro,891,STATE ST,"891 STATE ST, El Centro, CA, USA",32.81945889691919,-115.5757353140624,node/200029
3,El Centro,913,BROADWAY,"913 BROADWAY, El Centro, CA, USA",32.84309277183241,-115.57626650415028,node/200010
4,Holtville,1028,HOLT AVE,"1028 HOLT AVE, Holtville, CA, USA",32.80403888679642,-115.38199150852311,node/600014
4,Holtville,1066,HOLT AVE,"1066 HOLT AVE, Holtville, CA, USA",32.80203469742046,-115.38212266128362,node/600019
4,Holtville,1079,FIFTH ST,"1079 FIFTH ST, Holtville, CA, USA",32.804463711293785,-115.375345303257,node/600006
4,Holtville,1176,HOLT AVE,"1176 HOLT AVE, Holtville, CA, USA",32.81033495954993,-115.3762246774969,node/600009
4,Holtville,1183,PINE AVE,"1183 PINE AVE, Holtville, CA, USA",32.80394694174645,-115.37072551245949,node/600024
4,Holtville,1208,HOLT AVE,"1208 HOLT AVE, Holtville, CA, USA",32.821282473209536,-115.3716083440223,node/600018
4,Holtville,1244,HOLT AVE,"1244 HOLT AVE, Holtville, CA, USA",32.810647566114774,-115.37416169294892,node/600015
4,Holtville,1272,FIFTH ST,"1272 FIFTH ST, Holtville, CA, USA",32.81213320316521,-115.38700925686835,node/600011
4,Holtville,1284,FIFTH ST,"1284 FIFTH ST, Holtville, CA, USA",32.80286059051831,-115.38182605230443,node/600017
4,Holtville,1438,FIFTH ST,"1438 FIFTH ST, Holtville, CA, USA",32.81860573162254,-115.3879273366543,node/600023
4,Holtville,1467,HOLT AVE,"1467 HOLT AVE, Holtville, CA, USA",32.80376449695608,-115.38416387315992,node/600002
4,Holtville,1505,PINE AVE,"1505 PINE AVE, Holtville, CA, USA",32.811450409424765,-115.37239763260368,node/600003
4,Holtville,1513,SIXTH ST,"1513 SIXTH ST, Holtville, CA, USA",32.803748314916895,-115.371977392283,node/600004
4,Holtville,1660,FIFTH ST,"1660 FIFTH ST, Holtville, CA, USA",32.80634930858617,-115.37520520900551,node/600008
4,Holtville,1668,FIFTH ST,"1668 FIFTH ST, Holtville, CA, USA",32.81423050000345,-115.37571421001466,node/600020
4,Holtville,1978,HOLT AVE,"1978 HOLT AVE, Holtville, CA, USA",32.81268337444547,-115.38906483904888,node/600010
4,Holtville,286,PINE AVE,"286 PINE AVE, Holtville, CA, USA",32.81937778703427,-115.38139034615628,node/600013
4,Holtville,338,PINE AVE,"338 PINE AVE, Holtville, CA, USA",32.81500590475878,-115.3759616406764,node/600012
4,Holtville,635,HOLT AVE,"635 HOLT AVE, Holtville, CA, USA",32.8144736673414,-115.37644462819156,node/600001
4,Holtville,775,SIXTH ST,"775 SIXTH ST, Holtville, CA, USA",32.80743891679383,-115.375842349432,node/600000
4,Holtville,852,SIXTH ST,"852 SIXTH ST, Holtville, CA, USA",32.81369250896287,-115.3859174279813,node/600005
4,Holtville,866,PINE AVE,"866 PINE AVE, Holtville, CA, USA",32.82125713197161,-115.38265040762298,node/600021
4,Holtville,869,PINE AVE,"869 PINE AVE, Holtville, CA, USA",32.80300499985259,-115.3710171124724,node/600022
4,Holtville,910,HOLT AVE,"910 HOLT AVE, Holtville, CA, USA",32.80648914438135,-115.39023969056818,node/600016
4,Holtville,951,SIXTH ST,"951 SIXTH ST, Holtville, CA, USA",32.81543881453711,-115.37204406223434,node/600007
5,Imperial,1093,ATEN RD,"1093 ATEN RD, Imperial, CA, USA",32.829330617198295,-115.55319263236194,node/500012
5,Imperial,127,ATEN RD,"127 ATEN RD, Imperial, CA, USA",32.837731411082615,-115.57997914988796,node/500029
5,Imperial,1278,HIGHWAY 111,"1278 HIGHWAY 111, Imperial, CA, USA",32.8321749642293,-115.5623351101687,node/500006
5,Imperial,1283,HIGHWAY 111,"1283 HIGHWAY 111, Imperial, CA, USA",32.85549603747346,-115.56179040353746,node/500004
5,Imperial,1289,ATEN RD,"1289 ATEN RD, Imperial, CA, USA",32.828982659473304,-115.55118745129283,node/500008
5,Imperial,1398,WORTHINGTON RD,"1398 WORTHINGTON RD, Imperial, CA, USA",32.84649213692808,-115.56698049639056,node/500005
5,Imperial,1415,HIGHWAY 111,"1415 HIGHWAY 111, Imperial, CA, USA",32.838716613652075,-115.58703349655036,node/500017
5,Imperial,1472,MAIN ST,"1472 MAIN ST, Imperial, CA, USA",32.838682466094,-115.54983602119646,node/500022
5,Imperial,1518,MAIN ST,"1518 MAIN ST, Imperial, CA, USA",32.86426038527559,-115.56316111797796,node/500009
5,Imperial,1716,WORTHINGTON RD,"1716 WORTHINGTON RD, Imperial, CA, USA",32.86003509840522,-115.55121564546434,node/500007
5,Imperial,1726,MAIN ST,"1726 MAIN ST, Imperial, CA, USA",32.85881842519503,-115.5819475347231,node/500020
5,Imperial,1851,WORTHINGTON RD,"1851 WORTHINGTON RD, Imperial, CA, USA",32.84791122635839,-115.58593048920606,node/500027
5,Imperial,2034,HIGHWAY 111,"2034 HIGHWAY 111, Imperial, CA, USA",32.83132179619109,-115.55856935767608,node/500014
5,Imperial,2055,WORTHINGTON RD,"2055 WORTHINGTON RD, Imperial, CA, USA",32.853321547674966,-115.55916355762363,node/500016
5,Imperial,2252,WORTHINGTON RD,"2252 WORTHINGTON RD, Imperial, CA, USA",32.84237299104743,-115.55113258031214,node/500000
5,Imperial,2283,WORTHINGTON RD,"2283 WORTHINGTON RD, Imperial, CA, USA",32.84099308070727,-115.5752285204542,node/500001
5,Imperial,2354,MAIN ST,"2354 MAIN ST, Imperial, CA, USA",32.86641642847332,-115.58308235695156,node/500015
5,Imperial,2385,HIGHWAY 111,"2385 HIGHWAY 111, Imperial, CA, USA",32.83923996644761,-115.5517405781469,node/500003
5,Imperial,2425,HIGHWAY 111,"2425 HIGHWAY 111, Imperial, CA, USA",32.85427604559579,-115.58167354849115,node/500026
5,Imperial,253,HIGHWAY 111,"253 HIGHWAY 111, Imperial, CA, USA",32.827670686739204,-115.5666815252534,node/500021
5,Imperial,2598,HIGHWAY 111,"2598 HIGHWAY 111, Imperial, CA, USA",32.846667204067785,-115.55110650415226,node/500002
5,Imperial,2713,ATEN RD,"2713 ATEN RD, Imperial, CA, USA",32.83661346239224,-115.5853920816382,node/500013
5,Imperial,2771,MAIN ST,"2771 MAIN ST, Imperial, CA, USA",32.85026533412701,-115.56799390892424,node/500018
5,Imperial,561,ATEN RD,"561 ATEN RD, Imperial, CA, USA",32.84052736387327,-115.56015523064764,node/500024
5,Imperial,649,WORTHINGTON RD,"649 WORTHINGTON RD, Imperial, CA, USA",32.86134238954312,-115.57067916923975,node/500023
5,Imperial,662,HIGHWAY 111,"662 HIGHWAY 111, Imperial, CA, USA",32.831669063262844,-115.55976436093246,node/500011
5,Imperial,817,MAIN ST,"817 MAIN ST, Imperial, CA, USA",32.844015399289795,-115.55589580443628,node/500019
5,Imperial,856,MAIN ST,"856 MAIN ST, Imperial, CA, USA",32.866567407697616,-115.5703018360604,node/500028
5,Imperial,862,HIGHWAY 111,"862 HIGHWAY 111, Imperial, CA, USA",32.82786336782473,-115.5759155128268,node/500025
5,Imperial,976,WORTHINGTON RD,"976 WORTHINGTON RD, Imperial, CA, USA",32.835382720288024,-115.56785688305166,node/500010
6,San Diego,1619,BROADWAY,"1619 BROADWAY, San Diego, CA, USA",32.6796781901912,-117.20340618585462,node/100005
6,San Diego,1829,WASHINGTON ST,"1829 WASHINGTON ST, San Diego, CA, USA",32.69575702039775,-117.20244358845147,node/100118
6,San Diego,1876,MAIN ST,"1876 MAIN ST, San Diego, CA, USA",32.74467137649632,-117.20739386649606,node/100075
6,San Diego,266,INDIA ST,"266 INDIA ST, San Diego, CA, USA",32.720688175514475,-117.25378307294189,node/100125
6,San Diego,2968,MARKET ST,"2968 MARKET ST, San Diego, CA, USA",32.589390505198,-117.04984812040657,node/100184
6,San Diego,300,BROADWAY,"300 BROADWAY, San Diego, CA, USA",32.737919265887896,-117.17028091652084,node/100136
6,San Diego,3000,MARKET ST,"3000 MARKET ST, San Diego, CA, USA",32.83012486139899,-117.30366409143056,node/100068
6,San Diego,3264,MAIN ST,"3264 MAIN ST, San Diego, CA, USA",32.68523979356943,-117.2275190816931,node/100072
6,San Diego,3557,UNIVERSITY AVE,"3557 UNIVERSITY AVE, San Diego, CA, USA",32.645093837587,-117.28674376035993,node/100143
6,San Diego,3645,UNIVERSITY AVE,"3645 UNIVERSITY AVE, San Diego, CA, USA",32.787281396052684,-117.2281501119094,node/100132
6,San Diego,3941,EL CAJON BLVD,"3941 EL CAJON BLVD, San Diego, CA, USA",32.64721453212465,-117.21518712947436,node/100096
6,San Diego,4102,BROADWAY,"4102 BROADWAY, San Diego, CA, USA",32.676558126621664,-117.26377595029284,node/100056
6,San Diego,4165,ADAMS AVE,"4165 ADAMS AVE, San Diego, CA, USA",32.64574171287834,-117.07488764725936,node/100069
6,San Diego,4332,PARK BLVD,"4332 PARK BLVD, San Diego, CA, USA",32.66780165294929,-117.04700400607254,node/100124
6,San Diego,4391,MARKET ST,"4391 MARKET ST, San Diego, CA, USA",32.614174592882165,-117.17854934644176,node/100062
6,San Diego,4522,ADAMS AVE,"4522 ADAMS AVE, San Diego, CA, USA",32.86255700519098,-117.11910007204378,node/100013
6,San Diego,4734,MAIN ST,"4734 MAIN ST, San Diego, CA, USA",32.78351529478406,-117.05985722321807,node/100169
6,San Diego,4881,WASHINGTON ST,"4881 WASHINGTON ST, San Diego, CA, USA",32.71836160452085,-117.22907253098602,node/100165
6,San Diego,5167,INDIA ST,"5167 INDIA ST, San Diego, CA, USA",32.76576787123172,-117.21324512854278,node/100080
6,San Diego,5269,UNIVERSITY AVE,"5269 UNIVERSITY AVE, San Diego, CA, USA",32.601566422376514,-117.15034081038488,node/100131
6,San Diego,5372,WASHINGTON ST,"5372 WASHINGTON ST, San Diego, CA, USA",32.82658050497022,-117.01686761060024,node/100171
6,San Diego,5380,ADAMS AVE,"5380 ADAMS AVE, San Diego, CA, USA",32.74681409228377,-117.3033405322835,node/100151
6,San Diego,5503,MARKET ST,"5503 MARKET ST, San Diego, CA, USA",32.689193526936336,-117.1624592937107,node/100156
6,San Diego,6094,INDIA ST,"6094 INDIA ST, San Diego, CA, USA",32.724955712110834,-117.03705390765548,node/100198
6,San Diego,6311,EL CAJON BLVD,"6311 EL CAJON BLVD, San Diego, CA, USA",32.66390580008252,-117.17469020249506,node/100106
6,San Diego,6374,KETTNER BLVD,"6374 KETTNER BLVD, San Diego, CA, USA",32.635768733817365,-117.07843665747022,node/100172
6,San Diego,690,INDIA ST,"690 INDIA ST, San Diego, CA, USA",32.816078505965805,-117.13634713005308,node/100064
6,San Diego,701,INDIA ST,"701 INDIA ST, San Diego, CA, USA",32.70214777258052,-117.21674485284896,node/100157
6,San Diego,7024,MARKET ST,"7024 MARKET ST, San Diego, CA, USA",32.66777515495539,-117.26445615005647,node/100004
6,San Diego,7039,BROADWAY,"7039 BROADWAY, San Diego, CA, USA",32.814504426811666,-117.29787397146028,node/100061
6,San Diego,7065,BROADWAY,"7065 BROADWAY, San Diego, CA, USA",32.631352341043694,-117.06986704314808,node/100090
6,San Diego,7235,MARKET ST,"7235 MARKET ST, San Diego, CA, USA",32.61854108832581,-117.15457597591846,node/100119
6,San Diego,7442,WASHINGTON ST,"7442 WASHINGTON ST, San Diego, CA, USA",32.80357986043969,-117.2831839948336,node/100127
6,San Diego,7528,EL CAJON BLVD,"7528 EL CAJON BLVD, San Diego, CA, USA",32.75640533327932,-117.20165034630898,node/100010
6,San Diego,7554,EL CAJON BLVD,"7554 EL CAJON BLVD, San Diego, CA, USA",32.651274768684075,-117.10212254891997,node/100046
6,San Diego,7799,KETTNER BLVD,"7799 KETTNER BLVD, San Diego, CA, USA",32.653077786709304,-117.2416571296332,node/100145
6,San Diego,7849,PARK BLVD,"7849 PARK BLVD, San Diego, CA, USA",32.777268364307496,-117.06767732923056,node/100173
6,San Diego,7858,MARKET ST,"7858 MARKET ST, San Diego, CA, USA",32.766537653385974,-117.141909125421,node/100111
6,San Diego,7877,MARKET ST,"7877 MARKET ST, San Diego, CA, USA",32.70072092717407,-117.08556696404985,node/100094
6,San Diego,8062,BROADWAY,"8062 BROADWAY, San Diego, CA, USA",32.810506976026026,-117.0177046518968,node/100029
6,San Diego,8198,MAIN ST,"8198 MAIN ST, San Diego, CA, USA",32.820985850893734,-117.2565480428527,node/100123
6,San Diego,8301,EL CAJON BLVD,"8301 EL CAJON BLVD, San Diego, CA, USA",32.79428865971562,-117.15879549761873,node/100024
6,San Diego,8479,ADAMS AVE,"8479 ADAMS AVE, San Diego, CA, USA",32.6003937352088,-117.04124858012663,node/100076
6,San Diego,8789,INDIA ST,"8789 INDIA ST, San Diego, CA, USA",32.84124804831871,-117.13141662466194,node/100026
6,San Diego,8908,BROADWAY,"8908 BROADWAY, San Diego, CA, USA",32.62964629368011,-117.23153987557488,node/100055
6,San Diego,8917,KETTNER BLVD,"8917 KETTNER BLVD, San Diego, CA, USA",32.79809243511147,-117.17163786850963,node/100120
6,San Diego,8935,UNIVERSITY AVE,"8935 UNIVERSITY AVE, San Diego, CA, USA",32.79227955899074,-117.10413971037012,node/100031
6,San Diego,9055,EL CAJON BLVD,"9055 EL CAJON BLVD, San Diego, CA, USA",32.613092686621535,-117.17858106491886,node/100187
6,San Diego,9372,MAIN ST,"9372 MAIN ST, San Diego, CA, USA",32.82522021930918,-117.07760651526898,node/100192
6,San Diego,9719,KETTNER BLVD,"9719 KETTNER BLVD, San Diego, CA, USA",32.850935883341904,-117.01122827493676,node/100152
